hash,user,repo,created_at,branch
'027A12C2FC8568E8B70B07FF536FAF288A013670',2,3,2018-12-05 18:38:22,master
'03D67C263C27A453EF65B29E30334727333CCBCD',3,9,2019-06-10 13:08:43,devel
'073D41436E7F2B1B8344DA344D0B988B3FD5813C',4,30,2019-10-21 00:39:31,master
'09F199D25132204E99BFB1A89916DE24494F19BB',3,32,2019-03-25 21:30:53,master
'0AB8318ACAF6E678DD02E2B5C343ED41111B393D',7,37,2017-08-14 15:42:54,master
'0CE65B26DCD3C08E1B329D9EFBB6BBBCED426F31',1,5,2018-12-12 12:09:22,junk
'11760E1AAC4396E10D315E93AD3DF3E99204DC5E',2,3,2019-09-20 22:51:56,bug
'130E4A34F1B807A8F3BD24B204C06EC4DE4010DA',10,40,2019-06-03 03:09:16,devel
'17D53E0E6A68ACDF80B78D4F9D868C8736DB2CEC',1,20,2019-12-21 09:32:26,master
'180C89BF50C8B29DEB45E49D9DAC62FCD5C8BEDB',2,19,2019-06-15 12:24:49,master
'18740AF5BCEC9573BD3C059E0FC6570353097AAB',5,16,2019-07-27 13:34:48,devel
'1A591A3E91FCB7A47F2C08E9E2E117F39AF22078',2,4,2017-01-09 05:39:57,devel
'1AED9ECC6E1BE8EAAADDC5FFB6BA3ED84A8B1AE6',5,14,2018-01-26 02:05:18,issues
'1BF429F94068620B112ACA3888B58AECBC2EADEE',5,14,2017-02-03 23:24:26,feat
'1C39ABF68E93E438AE5DCA946E2D6A986CCCD3A9',7,12,2018-12-06 07:44:49,bug
'1ED5DD9D833F675B7509886681E2164D842F8DAD',4,16,2017-04-22 13:07:07,devel
'1F797564F7843D36EBE5E841E5BD39C98157E22B',3,9,2019-09-08 07:32:56,master
'1FEF42909247A6C230EEEF66277F2B5E0E8F274E',1,2,2018-02-17 04:02:45,master
'213598A7E92217BEE3A758F3C69AEA09ED940C0E',2,6,2018-03-14 06:57:55,stable
'213CB204509284FF2AEDECA9290B70A6DA307EAB',7,10,2018-10-17 05:17:27,devel
'259A6E935B848823A0C0B76ACED2803060B4BD0C',8,28,2019-12-15 00:06:08,feat
'26160D23FB07CF8D5DAE186EBA322E9FC8E27BB4',1,5,2019-03-05 13:53:30,test
'2C2FE4EC20E6C43DCC03E395AED7DB79756728A5',7,12,2018-12-07 14:17:40,feat
'2F36B6BB1852C24392FB3EE9A2879DA24EB0750D',2,35,2019-10-20 22:04:05,bug
'2F737399606486655401CB27B066F4658424766D',5,37,2019-05-19 06:50:49,feat
'314CCD964EF6A8E68AC5F9BB89F751A1C2196C56',7,12,2018-10-18 21:36:23,master
'317DBAC90743C3E5E82B2DDF122CD076A2226A92',5,36,2017-06-24 17:16:12,master
'349507E41DD8C71C10C9DF6D2444B5E64A285691',2,4,2018-09-18 19:12:42,stable
'354BF98925838CA68611B950E2A37EBD11C21640',4,23,2019-08-23 07:25:49,master
'35536A41B209715D9E3AD440431FEF2672F20BBE',1,5,2019-09-16 01:35:17,feat
'373616E39FB47D9A1A4E87DFD4EA968037435F14',6,36,2019-12-21 06:35:06,master
'37497AA5A2272C49714AEE1B07E8EDF973A95F59',1,5,2019-12-15 05:06:36,master
'3AE11C725C30009D4D3418BC6B30789FEED78322',5,36,2018-12-09 14:39:32,master
'3D91F7631BA813C13A08A208F1255B2E96FB03D0',2,32,2019-06-23 02:29:54,devel
'3F57ADF2C06CECD095FF83AB72787889961BBE87',6,15,2019-08-10 12:44:34,junk
'41349E9557E537855AE0F63CC43918FA13A561D3',3,7,2019-09-16 04:09:37,master
'41937B20FBE8C71D9C6C3346AFF43C001AA25E33',3,32,2019-02-27 10:40:02,devel
'42AB0C94A1E3BD6175A15DBA215CCF5F10E861E5',1,1,2019-12-30 04:37:15,devel
'4617585B8749A71BBB21237CAB6C2DC9CBE3B86F',2,3,2019-01-08 03:40:50,stable
'4902A456CAA9A4EAB463CE526C9DF0F6180BE184',2,32,2018-08-12 01:56:04,master
'4C197DFD67F1ED79D11A8B0218CC368BFCCE6CCB',4,30,2019-01-15 16:37:05,issues
'4EDED9AD930D56B01A3D8527B3220B71078001B0',2,34,2018-08-16 14:31:59,master
'5076721C4060FEEB69BD2C3DD9BDCE115D5C62F3',7,20,2019-12-26 02:12:04,master
'55949D4C16632F1C275D7684A379B8F1717B3904',2,23,2019-01-12 13:43:31,junk
'593905B31972F6FFE58325ABF98595CAF4EBF458',7,12,2019-06-01 20:10:06,master
'5A3E269AEE59E6826F23720F6FDD069D83BC087A',2,26,2017-12-08 16:11:17,master
'5AA588714AB4CBFD615D238FD9778C3A14CA4BA8',8,28,2019-12-28 10:42:59,feat
'5C77726358C5DAF98AD9CDCCD0882BCA0F718B88',5,14,2018-07-13 18:31:56,master
'5CAA7F811B5AFF6EB9993F309C4C045785EE67EC',3,31,2017-04-23 08:46:23,master
'5CB4C9D828175ED3931EC52305B32F47173A8E04',4,18,2019-06-13 23:35:13,issues
'5EEDD6A16AB862CB5D6B2E194E0BDF8B0161D89A',7,10,2018-07-21 13:46:17,feat
'5F4599DAA3415F788C1AFC3DB145F01B4BD2B438',3,8,2017-02-05 07:49:48,bug
'60A8B0C6DE6F6ABE5999959A5C7352750116FB9C',4,25,2019-09-12 21:19:25,feat
'63F1D3CFA0EC638B8F43AABD01A426C50A6E4653',9,13,2018-06-20 13:38:02,issues
'6557ACA8CD65D427A5621EFFA3E8EF5C27FEF340',7,29,2019-12-10 14:26:50,issues
'674027E17B0ED64E76CDE2005CB8E76FB4CD671A',5,39,2019-09-03 00:32:29,master
'6C6B1B2B3ECC0E6900000DABF4FAAE6F8DF5FFD1',2,4,2017-07-20 10:25:38,bug
'6D613A1EE01EEC4C0F8CA66DF0DB71DCA0C6E1CF',2,21,2019-07-07 08:57:32,devel
'73A7DDD505F2FC2CEAD1522E54A794328F228C44',1,2,2019-01-13 08:27:46,master
'74A788CEE27D549015A0786732C662E05CDD7567',2,26,2017-03-09 05:13:15,raspberry
'77F256B43643417F9B6622ADFF8BD31AE6EA7781',1,5,2017-02-27 13:28:38,master
'7971E6A051104074FDAE0F02322417B6EB5695A2',2,3,2019-04-22 21:55:43,master
'7998BE8D446D668C99ABCA446CB3BD79FCE08D2B',3,9,2019-10-09 11:57:25,master
'79B9D273AC6D2488109D1EA43E2BDB7977BD2B28',3,19,2019-06-26 11:37:51,TZ-2001
'7C39974F44B2B12933C66A9EBA3FE33C8D0805B6',2,6,2017-08-10 22:29:11,stable
'80EAF3087B0B041473C6C223F1E09197B649362E',2,23,2019-06-06 08:08:03,master
'852ADDAB901CBC5699D190285A009D7A7035FB57',1,1,2019-12-12 14:44:31,stable
'85FA355BDB4F46FA53A20A441623D53D686D4036',1,5,2019-02-20 09:12:05,master
'889224E3FCA24A6AB17D01FE47A45BC82244E938',4,26,2017-03-25 23:14:03,master
'89DA124E04DFE1AD9946CD37D91A119E1D028898',8,27,2017-06-20 05:44:23,master
'8A4BF12E17B2BE590B12721EF8D5D0248698B5B6',3,30,2019-05-23 15:22:12,master
'8E40809E474F3E0705DDEF056618CE3E5043522A',3,31,2018-02-10 12:11:44,feat
'9113C6C0C1F9CB53E3543B53136BA30C51018373',7,22,2019-03-05 02:02:38,feat
'93295B0C76B900DA760A8E0F2E9A29A1BA4B0F4C',2,32,2019-08-14 00:46:06,junk
'93409AF2F208E7545F0F26996E048113EDD88652',7,10,2017-07-25 13:11:22,stable
'93B12BF57F18C13C9AD2F55E33A8E3FD786FC394',3,9,2019-06-19 07:27:36,master
'9491A68514DC1EF6BDD379F8E408C0D49CC3B6CE',8,27,2018-02-28 05:17:03,master
'95CB62724475A0D26872DACC00642D5080519324',4,24,2019-10-22 01:23:33,master
'967CE367D89DCCC133D71049F1197D29561B3726',1,5,2017-11-19 09:54:06,bug
'9D3BD1FB52785A7BAEB03B437E7B2ECBA54EF34F',1,5,2018-03-28 14:30:28,devel
'A001AF75EE89582F31CB4DB6D3DD0B4766C80050',2,4,2018-04-05 01:25:05,feat
'A06DCD71328FD2B44FA7F84012096E8F318E4B48',1,5,2019-06-24 02:33:37,junk
'A42522A0CDD6E41A1379E6C95D08A9C46A17249C',2,30,2017-09-01 22:31:05,feat
'A4842F0234D7270B757B60B6F17A1B9F4D560DAD',7,38,2018-06-02 01:39:19,test
'A84F56F2E6A77ECB4B2F89344446DD3FF91B87C4',2,4,2019-12-20 01:43:06,devel
'AD79EF0F076D3A686AB9738925F4DD2C7E69D7D1',4,24,2019-10-26 09:06:49,test
'B07CB9A2B24832A8197CD3DFA67D1D6ADFB0CFBB',2,4,2017-01-27 05:17:19,master
'B0DDCE0F54C916C106117E280AEAD4F9C0CBF1DF',7,10,2017-08-04 00:05:08,bug
'B3C92EECF0AA1905086059D9F6D3261D8FB19657',7,29,2019-11-02 10:20:10,test
'B47B54FD3A460F43EBBCABE5B10C189176F25F25',2,3,2019-11-22 10:10:23,stable
'B47F363E2B430C0647F14DEEA3ECED9B0EF300CE',5,14,2018-03-14 12:40:23,test
'BB130626B42C3CCE860334424AEF9A144F8231F2',2,17,2019-06-07 15:45:44,master
'BB2254A806F43DF24753CA390143E2CA8C1E4E80',3,8,2019-11-23 04:35:01,master
'BBB7EF7F2EC9557D0895C9DA1C5CDDD50D15049E',5,14,2018-11-21 12:14:39,stable
'BC1CD4F07D828493332F9C95C491D6FB338AFD40',3,22,2019-03-24 08:53:23,issues
'BC88A24030A15BDE613C8749ED93D30E0A81FCC2',2,32,2018-08-01 17:33:51,stable
'BCD23F5BB628B5F99FE4B850D6CE84C74E48BEF5',8,28,2019-10-20 11:47:22,master
'BD6ACC8626D118AEA60331CE33BF000C9D7D1CEE',2,37,2019-07-06 02:53:01,TZ-2001
'C484B137E2D18229E4E7E677F1F8CFCE6A0AB819',3,30,2019-02-20 00:31:31,master
'C5F5BB3B350774D7CDA57104C55FB6C82B7AE7D9',2,4,2019-10-13 12:06:56,test
'C69153687791FB52C12CE7CCA2F4D03A65D9ABF8',8,28,2019-12-20 02:01:44,master
'C78791A3F0E109D34BA4EAC2AFA35EC011439AE3',6,15,2019-03-15 00:24:06,feat
'C909B138EBA89ECFBD86DF4C9D170AC78D4A3820',4,25,2019-08-19 14:53:58,master
'CD1B646EBD1F6844C60DD91951C6867E43857114',3,8,2018-12-02 19:54:47,bug
'CD6A7B8768528485A0DBCD459185091E80DC28AD',7,21,2019-10-13 21:10:43,issues
'CEAFB51E2B0783D53DD620019DFF3AA66708A26F',4,24,2019-12-15 08:39:37,feat
'D2EAF2AA1512D6596E0A5BAE633537C6B8E779A3',3,32,2019-02-18 08:27:39,master
'D7E0453BB4AF87006533F4D77AD9546DAC533DB8',7,12,2018-10-18 15:55:58,master
'DAA6A489DBCA7A13C480AAA1D0C344957590FDB7',10,22,2018-05-16 14:25:25,raspberry
'DBF2A2DA6458B242407285E7F1483AEB6CFEE9FD',4,30,2019-02-05 12:34:03,devel
'E3772AC4B4DB87B4A8DBFA59EF43CD1A8AD29515',4,30,2019-07-26 10:01:07,issues
'E5BB59A2731998CAE2070F6FD4F2E075FD61146F',4,22,2017-08-17 09:52:15,junk
'ED50AA2DE1123D2CB20C9D1F0F691C834FB6F548',6,15,2019-03-21 21:52:05,bug
'F0A96DA3F86A334CBE8D569110D6545277973859',2,3,2019-12-01 18:36:59,feat
'F14E46CE7D094F9326167ACC499698128651BE85',2,6,2017-05-14 15:49:06,master
'F92BCB6A06D2EC7C0AF7C8A338F131BF887C64A0',3,32,2019-03-08 07:04:41,master
'FA6C3752CD00F7F1277FD7E5604AB8D2EDAF26B8',2,3,2019-08-05 00:59:10,test
'FCF29F6CAD3232704B33E962EF5194FAD3B6817B',4,30,2019-07-11 22:46:20,master
'FF3EA3BEC182358766650A6FD2872D9221F7E6CC',7,12,2019-10-25 05:41:17,bug
'FFB0EAF998E6B2C3D5052AF77023A08FC1736781',2,30,2018-04-20 21:02:40,feat
