7971E6A051104074FDAE0F02322417B6EB5695A2,2,3,10-7-2017 13:23,master
6D613A1EE01EEC4C0F8CA66DF0DB71DCA0C6E1CF,2,21,1-4-2017 22:39,devel
B47F363E2B430C0647F14DEEA3ECED9B0EF300CE,5,14,23-12-2017 13:26,test
CD1B646EBD1F6844C60DD91951C6867E43857114,3,8,2-3-2019 18:40,bug
03D67C263C27A453EF65B29E30334727333CCBCD,3,9,11-6-2018 19:19,devel
0AB8318ACAF6E678DD02E2B5C343ED41111B393D,7,37,15-11-2019 15:57,master
C69153687791FB52C12CE7CCA2F4D03A65D9ABF8,8,28,18-11-2017 8:59,master
79B9D273AC6D2488109D1EA43E2BDB7977BD2B28,3,19,11-8-2018 3:01,TZ-2001
BD6ACC8626D118AEA60331CE33BF000C9D7D1CEE,2,37,11-9-2017 20:44,TZ-2001
9D3BD1FB52785A7BAEB03B437E7B2ECBA54EF34F,1,5,8-12-2017 22:13,devel
A42522A0CDD6E41A1379E6C95D08A9C46A17249C,2,30,6-8-2017 1:43,feat
073D41436E7F2B1B8344DA344D0B988B3FD5813C,4,30,18-5-2018 0:54,master
354BF98925838CA68611B950E2A37EBD11C21640,4,23,11-10-2019 14:34,master
5F4599DAA3415F788C1AFC3DB145F01B4BD2B438,3,8,13-3-2017 5:48,bug
CEAFB51E2B0783D53DD620019DFF3AA66708A26F,4,24,3-7-2017 19:59,feat
593905B31972F6FFE58325ABF98595CAF4EBF458,7,12,20-1-2019 18:32,master
213598A7E92217BEE3A758F3C69AEA09ED940C0E,2,6,4-8-2019 5:10,stable
1F797564F7843D36EBE5E841E5BD39C98157E22B,3,9,27-8-2017 8:24,master
3AE11C725C30009D4D3418BC6B30789FEED78322,5,36,28-9-2019 18:20,master
FA6C3752CD00F7F1277FD7E5604AB8D2EDAF26B8,2,3,20-4-2017 12:24,test
93409AF2F208E7545F0F26996E048113EDD88652,7,10,16-8-2019 14:30,stable
027A12C2FC8568E8B70B07FF536FAF288A013670,2,3,10-12-2019 23:20,master
5CB4C9D828175ED3931EC52305B32F47173A8E04,4,18,7-5-2018 3:18,issues
42AB0C94A1E3BD6175A15DBA215CCF5F10E861E5,1,1,1-9-2019 20:55,devel
373616E39FB47D9A1A4E87DFD4EA968037435F14,6,36,20-5-2017 17:13,master
BB2254A806F43DF24753CA390143E2CA8C1E4E80,3,8,18-6-2019 5:10,master
A001AF75EE89582F31CB4DB6D3DD0B4766C80050,2,4,4-12-2019 4:05,feat
63F1D3CFA0EC638B8F43AABD01A426C50A6E4653,9,13,3-11-2017 1:33,issues
180C89BF50C8B29DEB45E49D9DAC62FCD5C8BEDB,2,19,10-3-2017 5:30,master
37497AA5A2272C49714AEE1B07E8EDF973A95F59,1,5,11-2-2018 1:30,master
130E4A34F1B807A8F3BD24B204C06EC4DE4010DA,10,40,14-10-2019 21:08,devel
5C77726358C5DAF98AD9CDCCD0882BCA0F718B88,5,14,20-12-2019 14:20,master
2C2FE4EC20E6C43DCC03E395AED7DB79756728A5,7,12,19-9-2017 19:23,feat
4617585B8749A71BBB21237CAB6C2DC9CBE3B86F,2,3,16-4-2019 23:32,stable
314CCD964EF6A8E68AC5F9BB89F751A1C2196C56,7,12,22-5-2018 9:29,master
73A7DDD505F2FC2CEAD1522E54A794328F228C44,1,2,24-4-2019 17:57,master
CD6A7B8768528485A0DBCD459185091E80DC28AD,7,21,8-8-2018 5:42,issues
8E40809E474F3E0705DDEF056618CE3E5043522A,3,31,2-8-2018 8:27,feat
5A3E269AEE59E6826F23720F6FDD069D83BC087A,2,26,8-11-2019 17:08,master
6C6B1B2B3ECC0E6900000DABF4FAAE6F8DF5FFD1,2,4,11-8-2017 19:30,bug
349507E41DD8C71C10C9DF6D2444B5E64A285691,2,4,13-5-2019 23:02,stable
D2EAF2AA1512D6596E0A5BAE633537C6B8E779A3,3,32,17-9-2017 16:21,master
2F737399606486655401CB27B066F4658424766D,5,37,3-1-2019 23:39,feat
E5BB59A2731998CAE2070F6FD4F2E075FD61146F,4,22,8-2-2018 6:19,junk
77F256B43643417F9B6622ADFF8BD31AE6EA7781,1,5,25-2-2018 2:55,master
4EDED9AD930D56B01A3D8527B3220B71078001B0,2,34,21-5-2017 19:32,master
1BF429F94068620B112ACA3888B58AECBC2EADEE,5,14,9-1-2019 1:11,feat
D7E0453BB4AF87006533F4D77AD9546DAC533DB8,7,12,17-11-2019 1:55,master
C484B137E2D18229E4E7E677F1F8CFCE6A0AB819,3,30,28-7-2017 17:50,master
852ADDAB901CBC5699D190285A009D7A7035FB57,1,1,8-7-2018 17:30,stable
1FEF42909247A6C230EEEF66277F2B5E0E8F274E,1,2,14-2-2017 8:47,master
89DA124E04DFE1AD9946CD37D91A119E1D028898,8,27,1-2-2019 13:18,master
60A8B0C6DE6F6ABE5999959A5C7352750116FB9C,4,25,23-4-2019 21:35,feat
BC1CD4F07D828493332F9C95C491D6FB338AFD40,3,22,21-7-2019 13:01,issues
8A4BF12E17B2BE590B12721EF8D5D0248698B5B6,3,30,11-7-2018 22:49,master
6557ACA8CD65D427A5621EFFA3E8EF5C27FEF340,7,29,25-8-2018 22:40,issues
09F199D25132204E99BFB1A89916DE24494F19BB,3,32,12-1-2018 16:56,master
1C39ABF68E93E438AE5DCA946E2D6A986CCCD3A9,7,12,12-10-2018 23:59,bug
259A6E935B848823A0C0B76ACED2803060B4BD0C,8,28,7-6-2018 18:52,feat
80EAF3087B0B041473C6C223F1E09197B649362E,2,23,5-8-2018 21:27,master
18740AF5BCEC9573BD3C059E0FC6570353097AAB,5,16,25-10-2019 6:40,devel
F0A96DA3F86A334CBE8D569110D6545277973859,2,3,8-5-2017 17:17,feat
3D91F7631BA813C13A08A208F1255B2E96FB03D0,2,32,14-5-2019 16:50,devel
BBB7EF7F2EC9557D0895C9DA1C5CDDD50D15049E,5,14,13-4-2018 17:53,stable
C909B138EBA89ECFBD86DF4C9D170AC78D4A3820,4,25,13-9-2017 10:07,master
E3772AC4B4DB87B4A8DBFA59EF43CD1A8AD29515,4,30,10-3-2017 9:32,issues
A06DCD71328FD2B44FA7F84012096E8F318E4B48,1,5,15-5-2018 15:57,junk
7C39974F44B2B12933C66A9EBA3FE33C8D0805B6,2,6,4-10-2018 1:05,stable
9113C6C0C1F9CB53E3543B53136BA30C51018373,7,22,1-4-2017 12:05,feat
17D53E0E6A68ACDF80B78D4F9D868C8736DB2CEC,1,20,28-11-2018 13:59,master
317DBAC90743C3E5E82B2DDF122CD076A2226A92,5,36,13-4-2018 11:04,master
4902A456CAA9A4EAB463CE526C9DF0F6180BE184,2,32,24-6-2017 9:36,master
DBF2A2DA6458B242407285E7F1483AEB6CFEE9FD,4,30,6-12-2019 6:53,devel
11760E1AAC4396E10D315E93AD3DF3E99204DC5E,2,3,23-8-2018 12:12,bug
B47B54FD3A460F43EBBCABE5B10C189176F25F25,2,3,18-12-2018 16:43,stable
B07CB9A2B24832A8197CD3DFA67D1D6ADFB0CFBB,2,4,5-7-2018 13:41,master
BC88A24030A15BDE613C8749ED93D30E0A81FCC2,2,32,11-9-2019 10:23,stable
A4842F0234D7270B757B60B6F17A1B9F4D560DAD,7,38,20-6-2019 22:47,test
5AA588714AB4CBFD615D238FD9778C3A14CA4BA8,8,28,17-5-2017 11:03,feat
F14E46CE7D094F9326167ACC499698128651BE85,2,6,25-1-2019 1:40,master
B3C92EECF0AA1905086059D9F6D3261D8FB19657,7,29,4-7-2017 16:35,test
967CE367D89DCCC133D71049F1197D29561B3726,1,5,1-2-2017 10:49,bug
35536A41B209715D9E3AD440431FEF2672F20BBE,1,5,3-11-2018 21:06,feat
889224E3FCA24A6AB17D01FE47A45BC82244E938,4,26,1-7-2017 18:50,master
1AED9ECC6E1BE8EAAADDC5FFB6BA3ED84A8B1AE6,5,14,8-7-2019 2:30,issues
9491A68514DC1EF6BDD379F8E408C0D49CC3B6CE,8,27,19-1-2019 12:10,master
4C197DFD67F1ED79D11A8B0218CC368BFCCE6CCB,4,30,27-6-2018 15:27,issues
AD79EF0F076D3A686AB9738925F4DD2C7E69D7D1,4,24,20-7-2018 8:14,test
FFB0EAF998E6B2C3D5052AF77023A08FC1736781,2,30,4-5-2019 10:18,feat
5EEDD6A16AB862CB5D6B2E194E0BDF8B0161D89A,7,10,11-5-2019 8:08,feat
FCF29F6CAD3232704B33E962EF5194FAD3B6817B,4,30,8-6-2017 7:25,master
674027E17B0ED64E76CDE2005CB8E76FB4CD671A,5,39,7-9-2018 18:04,master
2F36B6BB1852C24392FB3EE9A2879DA24EB0750D,2,35,1-3-2017 4:08,bug
A84F56F2E6A77ECB4B2F89344446DD3FF91B87C4,2,4,17-2-2017 21:56,devel
3F57ADF2C06CECD095FF83AB72787889961BBE87,6,15,15-5-2018 6:04,junk
ED50AA2DE1123D2CB20C9D1F0F691C834FB6F548,6,15,27-1-2017 10:57,bug
BCD23F5BB628B5F99FE4B850D6CE84C74E48BEF5,8,28,20-9-2017 15:33,master
95CB62724475A0D26872DACC00642D5080519324,4,24,11-3-2019 21:51,master
93295B0C76B900DA760A8E0F2E9A29A1BA4B0F4C,2,32,26-8-2017 21:35,junk
C78791A3F0E109D34BA4EAC2AFA35EC011439AE3,6,15,26-6-2019 0:31,feat
7998BE8D446D668C99ABCA446CB3BD79FCE08D2B,3,9,6-5-2017 7:24,master
C5F5BB3B350774D7CDA57104C55FB6C82B7AE7D9,2,4,8-7-2017 5:14,test
5CAA7F811B5AFF6EB9993F309C4C045785EE67EC,3,31,23-12-2019 17:10,master
93B12BF57F18C13C9AD2F55E33A8E3FD786FC394,3,9,9-1-2017 16:37,master
1ED5DD9D833F675B7509886681E2164D842F8DAD,4,16,15-4-2018 18:45,devel
55949D4C16632F1C275D7684A379B8F1717B3904,2,23,4-8-2019 12:20,junk
B0DDCE0F54C916C106117E280AEAD4F9C0CBF1DF,7,10,19-3-2017 10:41,bug
74A788CEE27D549015A0786732C662E05CDD7567,2,26,8-7-2017 22:54,raspberry
5076721C4060FEEB69BD2C3DD9BDCE115D5C62F3,7,20,24-9-2017 23:03,master
41349E9557E537855AE0F63CC43918FA13A561D3,3,7,21-9-2018 15:43,master
F92BCB6A06D2EC7C0AF7C8A338F131BF887C64A0,3,32,2-2-2018 23:17,master
0CE65B26DCD3C08E1B329D9EFBB6BBBCED426F31,1,5,6-3-2019 8:55,junk
FF3EA3BEC182358766650A6FD2872D9221F7E6CC,7,12,12-2-2017 8:07,bug
213CB204509284FF2AEDECA9290B70A6DA307EAB,7,10,1-8-2017 13:47,devel
DAA6A489DBCA7A13C480AAA1D0C344957590FDB7,10,22,2-7-2018 11:38,raspberry
1A591A3E91FCB7A47F2C08E9E2E117F39AF22078,2,4,24-12-2019 12:16,devel
BB130626B42C3CCE860334424AEF9A144F8231F2,2,17,18-12-2017 14:10,master
85FA355BDB4F46FA53A20A441623D53D686D4036,1,5,26-11-2017 16:43,master
26160D23FB07CF8D5DAE186EBA322E9FC8E27BB4,1,5,12-10-2018 23:05,test
41937B20FBE8C71D9C6C3346AFF43C001AA25E33,3,32,21-1-2018 13:31,devel
